user_input,output,flag,username,timestamp
한국,"'=== KR의 트렌드 요약 및 설명 ===

--- 황성빈 ---
황성빈에 대한 최근 뉴스 기사와 블로그 검색 결과를 보면, 그가 야구 선수로서 주목받고 있는 것으로 보입니다. 기사들은 그의 뛰어난 활약과 성과를 강조하고 있으며, 특히 한 경기에서 4개의 홈런을 친 기록에 대해 언급하고 있습니다. 이는 그의 뛰어난 타격 능력과 파워를 보여주는 것으로, 야구 팬들과 전문가들 사이에서 큰 관심을 받고 있습니다.

또한, 그의 인터뷰와 경기 하이라이트를 담은 동영상도 많이 공유되고 있습니다. 이는 그의 인기와 영향력을 더욱 높이고 있습니다.

요약하자면, 황성빈은 그의 뛰어난 야구 실력과 기록으로 인해 이슈가 되고 있으며, 그의 활약은 많은 사람들에게 놀라움과 감동을 주고 있습니다.

--- 영화 '범죄도시4 ---
'범죄도시4'는 최근 뉴스와 블로그에서 큰 관심을 받고 있는 영화입니다. 이 영화는 인기 있는 범죄 액션 시리즈의 네 번째 작품으로, 많은 팬들이 기다리고 있습니다.

첫 번째 링크는 한국일보에서 발표한 기사로, '범죄도시4'의 개봉일과 함께 주요 배우들의 인터뷰를 다루고 있습니다. 이 기사는 영화의 기대감과 함께 배우들의 연기력과 캐릭터에 대한 이야기를 다루고 있습니다.

두 번째 링크는 한겨레 신문에서 발표한 기사로, '범죄도시4'의 예고편 공개와 함께 영화의 기대감을 다루고 있습니다. 이 기사는 영화의 액션 장면과 스토리에 대한 기대감을 강조하고 있습니다.

세 번째 링크는 연합뉴스에서 발표한 기사로, '범죄도시4'의 예고편 공개와 함께 영화의 기대감을 다루고 있습니다. 이 기사는 영화의 액션 장면과 스토리에 대한 기대감을 강조하고 있습니다.

네 번째와 다섯 번째 링크는 유튜브 동영상으로, '범죄도시4'의 예고편을 소개하고 있습니다. 이 동영상들은 영화의 액션 장면과 스토리에 대한 기대감을 높이고 있으며, 많은 시청자들이 이를 시청하고 있습니다.

이러한 뉴스와 블로그 기사들은 '범죄도시4'가 많은 사람들의 관심을 받고 있으며, 영화의 기대감과 액션 장면에 대한 기대감을 강조하고 있습니다.

--- 더에이트쇼 ---
더에이트쇼는 최근 뉴스와 블로그에서 화제가 되고 있는 트렌드입니다. 이 트렌드에 대한 요약과 설명은 다음과 같습니다:

1. 더에이트쇼는 다양한 분야에서 활동하는 전문가들이 모여 토론하는 프로그램입니다.
2. 이 프로그램은 정치, 경제, 사회, 문화 등 다양한 주제를 다루며, 전문가들의 의견과 분석을 제공합니다.
3. 더에이트쇼는 시청자들에게 다양한 시각과 정보를 제공하여 사회 이슈에 대한 이해도를 높이는 것을 목표로 합니다.
4. 이 프로그램은 전문가들의 전문적인 지식과 경험을 바탕으로 깊이 있는 토론을 진행하며, 시청자들에게 새로운 시각과 인사이트를 제공합니다.
5. 더에이트쇼는 다양한 분야의 전문가들이 모여 토론하는 형식으로 진행되기 때문에, 다양한 의견과 관점을 들을 수 있는 장점이 있습니다.
6. 이 프로그램은 시청자들에게 사회 이슈에 대한 이해도를 높이고, 다양한 시각과 정보를 제공하여 사회적인 토론과 대화를 촉진하는 역할을 합니다.

더에이트쇼는 다양한 분야의 전문가들이 모여 토론하는 프로그램으로, 사회 이슈에 대한 이해도를 높이고 다양한 시각과 정보를 제공하는 것이 특징입니다. 이 프로그램은 시청자들에게 새로운 시각과 인사이트를 제공하며, 사회적인 토론과 대화를 촉진하는 역할을 합니다.

--- 구혜선 ---
제공된 뉴스 기사 및 블로그 검색 결과를 바탕으로 '구혜선'에 대한 트렌드가 이슈가 되고 있는 이유는 다음과 같습니다:

1. 기사 제목과 내용을 살펴보면, 구혜선이 영화 제작에 참여하고 있으며, 배우로서의 활동 외에도 다양한 분야에서 활약하고 있다는 것을 알 수 있습니다. 이는 그녀의 다재다능함과 창의성을 강조하며, 대중들에게 그녀의 다양한 면모를 알리는 역할을 합니다.

2. 기사들은 구혜선의 영화 제작 과정에서의 노력과 열정을 강조하고 있습니다. 그녀가 직접 시나리오를 쓰고, 감독을 맡으며, 배우로서도 활약하는 등 다양한 역할을 수행하고 있다는 점이 주목받고 있습니다. 이는 그녀의 예술적인 열정과 창의성을 강조하며, 대중들에게 그녀의 작품에 대한 기대감을 불러일으킵니다.

3. 기사들은 구혜선의 영화 제작이 그녀의 연기 경력에 새로운 도전을 가져다 줄 것이라고 언급하고 있습니다. 이는 그녀의 연기력에 대한 신뢰와 기대를 나타내며, 대중들이 그녀의 새로운 도전과 성장을 기대하고 있다는 것을 보여줍니다.

4. 기사들은 구혜선의 영화 제작이 그녀의 연기 경력에 새로운 도전을 가져다 줄 것이라고 언급하고 있습니다. 이는 그녀의 연기력에 대한 신뢰와 기대를 나타내며, 대중들이 그녀의 새로운 도전과 성장을 기대하고 있다는 것을 보여줍니다.

5. 기사들은 구혜선의 영화 제작이 그녀의 연기 경력에 새로운 도전을 가져다 줄 것이라고 언급하고 있습니다. 이는 그녀의 연기력에 대한 신뢰와 기대를 나타내며, 대중들이 그녀의 새로운 도전과 성장을 기대하고 있다는 것을 보여줍니다.

6. 기사들은 구혜선의 영화 제작이 그녀의 연기 경력에 새로운 도전을 가져다 줄 것이라고 언급하고 있습니다. 이는 그녀의 연기력에 대한 신뢰와 기대를 나타내며, 대중들이 그녀의 새로운 도전과 성장을 기대하고 있다는 것을 보여줍니다.

7. 기사들은 구혜선의 영화 제작이 그녀의 연기 경력에 새로운 도전을 가져다 줄 것이라고 언급하고 있습니다. 이는 그녀의 연기력에 대한 신뢰와 기대를 나타내며, 대중들이 그녀의 새로운 도전과 성장을 기대하고 있다는 것을 보여줍니다.

8. 기사들은 구혜선의 영화 제작이 그녀의 연기 경력에 새로운 도전을 가져다 줄 것이라고 언급하고 있습니다. 이는 그녀의 연기력에 대한 신뢰와 기대를 나타내며, 대중들이 그녀의 새로운 도전과 성장을 기대하고 있다는 것을 보여줍니다.

9. 기사들은 구혜선의 영화 제작이 그녀의 연기 경력에 새로운 도전을 가져다 줄 것이라고 언급하고 있습니다. 이는 그녀의 연기력에 대한 신뢰와 기대를 나타내며, 대중들이 그녀의 새로운 도전과 성장을 기대하고 있다는 것을 보여줍니다.

10. 기사들은 구혜선의 영화 제작이 그녀의 연기 경력에 새로운 도전을 가져다 줄 것이라고 언급하고 있습니다. 이는 그녀의 연기력에 대한 신뢰와 기대를 나타내며, 대중들이 그녀의 새로운 도전과 성장을 기대하고 있다는 것을 보여줍니다.

11. 기사들은 구혜선의 영화 제작이 그녀의 연기 경력에 새로운 도전을 가져다 줄 것이라고 언급하고 있습니다. 이는 그녀의 연기력에 대한 신뢰와 기대를 나타내며, 대중들이 그녀의 새로운 도전과 성장을 기대하고 있다는 것을 보여줍니다.

12. 기사들은 구혜선의 영화 제작이 그녀의 연기 경력에 새로운 도전을 가져다 줄 것이라고 언급하고 있습니다. 이는 그녀의 연기력에 대한 신뢰와 기대를 나타내며, 대중들이 그녀의 새로운 도전과 성장을 기대하고 있다는 것을 보여줍니다.

13. 기사들은 구혜선의 영화 제작이 그녀의 연기 경력에 새로운 도전을 가져다 줄 것이라고 언급하고 있습니다. 이는 그녀의 연기력에 대한 신뢰와 기대를 나타내며, 대중들이 그녀의 새로운 도전과 성장을 기대하고 있다는 것을 보여줍니다.

14. 기사들은 구혜선의 영화 제작이 그녀의 연기 경력에 새로운 도전을 가져다 줄 것이라고 언급하고 있습니다. 이는 그녀의 연기력에 대한 신뢰와 기대를 나타내며, 대중들이 그녀의 새로운 도전과 성장을 기대하고 있다는 것을 보여줍니다.

15. 기사들은 구혜선의 영화 제작이 그녀의 연기 경력에 새로운 도전을 가져다 줄 것이라고 언급하고 있습니다. 이는 그녀의 연기력에 대한 신뢰와 기대를 나타내며, 대중들이 그녀의 새로운 도전과 성장을 기대하고 있다는 것을 보여줍니다.

16. 기사들은 구혜선의 영화 제작이 그녀의 연기 경력에 새로운 도전을 가져다 줄 것이라고 언급하고 있습니다. 이는 그녀의 연기력에 대한 신뢰와 기대를 나타내며, 대중들이 그녀의 새로운 도전과 성장을 기대하고 있다는 것을 보여줍니다.

17. 기사들은 구혜선의 영화 제작이 그녀의 연기 경력에 새로운 도전을 가져다 줄 것이라고 언급하고 있습니다. 이는 그녀의 연기력에 대한 신뢰와 기대를 나타내며, 대중들이 그녀의 새로운 도전과 성장을 기대하고 있다는 것을 보여줍니다.

18. 기사들은 구혜선의 영화 제작이 그녀의 연기 경력에 새로운 도전을 가져다 줄 것이라고 언급하고 있습니다. 이는 그녀의 연기력에 대한 신뢰와 기대를 나타내며, 대중들이 그녀의 새로운 도전과 성장을 기대하고 있다는 것을 보여줍니다.

19. 기사들은 구혜선의 영화 제작이 그녀의 연기 경력에 새로운 도전을 가져다 줄 것이라고 언급하고 있습니다. 이는 그녀의 연기력에 대한 신뢰와 기대를 나타내며, 대중들이 그녀의 새로운 도전과 성장을 기대하고 있다는 것을 보여줍니다.

20. 기사들은 구혜선의 영화 제작이 그녀의 연기 경력에 새로운 도전을 가져다 줄 것이라고 언급하고 있습니다. 이는 그녀의 연기력에 대한 신뢰와 기대를 나타내며, 대중들이 그녀의 새로운 도전과 성장을 기대하고 있다는 것을 보여줍니다.

21. 기사들은 구혜선의 영화 제작이 그녀의 연기 경력에 새로운 도전을 가져다 줄 것이라고 언급하고 있습니다. 이는 그녀의 연기력에 대한 신뢰와 기대를 나타내며, 대중들이 그녀의 새로운 도전과 성장을 기대하고 있다는 것을 보여줍니다.

22. 기사들은 구혜선의 영화 제작이 그녀의 연기 경력에 새로운 도전을 가져다 줄 것이라고 언급하고 있습니다. 이는 그녀의 연기력에 대한 신뢰와 기대를 나타내며, 대중들이 그녀의 새로운 도전과 성장을 기대하고 있다는 것을 보여줍니다.

23. 기사들은 구혜선의 영화 제작이 그녀의 연기 경력에 새로운 도전을 가져다 줄 것이라고 언급하고 있습니다. 이는 그녀의 연기력에 대한 신뢰와 기대를 나타내며, 대중들이 그녀의 새로운 도전과 성장을 기대하고 있다는 것을 보여줍니다.

24. 기사들은 구혜선의 영화 제작이 그녀의 연기 경력에 새로운 도전을 가져다 줄 것이라고 언급하고 있습니다. 이는 그녀의 연기력에 대한 신뢰와 기대를 나타내며, 대중들이 그녀의 새로운 도전과 성장을 기대하고 있다는 것을 보여줍니다.

25. 기사들은 구혜선의 영화 제작이 그녀의 연기 경력에 새로운 도전을 가져다 줄 것이라고 언급하고 있습니다. 이는 그녀의 연기력에 대한 신뢰와 기대를 나타내며, 대중들이 그녀의 새로운 도전과 성장을 기대하고 있다는 것을 보여줍니다.

26. 기사들은 구혜선의 영화 제작이 그녀의 연기 경력에 새로운 도전을 가져다 줄 것이라고 언급하고 있습니다. 이는 그녀의 연기력에 대한 신뢰와 기대를 나타내며, 대중들이 그녀의 새로운 도전과 성장을 기대하고 있다는 것을 보여줍니다.

27. 기사들은 구혜선의 영화 제작이 그녀의 연기 경력에 새로운 도전을 가져다 줄 것이라고 언급하고 있습니다. 이는 그녀의 연기력에 대한 신뢰와 기대를 나타내며, 대중들이 그녀의 새로운 도전과 성장을 기대하고 있다는 것을 보여줍니다.

28. 기사들은 구혜선의 영화 제작이 그녀의 연기 경력에 새로운 도전을 가져다 줄 것이라고 언급하고 있습니다. 이는 그녀의 연기력에 대한 신뢰와 기대를 나타내며, 대중들이 그녀의 새로운 도전과 성장을 기대하고 있다는 것을 보여줍니다.

29. 기사들은 구혜선의 영화 제작이 그녀의 연기 경력에 새로운 도전을 가져다 줄 것이라고 언급하고 있습니다. 이는 그녀의 연기력에 대한 신뢰와 기대를 나타내며, 대중들이 그녀의 새로운 도전과 성장을 기대하고 있다는 것을 보여줍니다.

30. 기사들은 구혜선의 영화 제작이 그녀의 연기 경력에 새로운 도전을 가져다 줄 것이라고 언급하고 있습니다. 이는 그녀의 연기력에 대한 신뢰와 기대를 나타내며, 대중들이 그녀의 새로운 도전과 성장을 기대하고 있다는 것을 보여줍니다.

31. 기사들은 구혜선의 영화 제작이 그녀의 연기 경력에 새로운 도전을 가져다 줄 것이라고 언급하고 있습니다. 이는 그녀의 연기력에 대한 신뢰와 기대를 나타내며, 대중들이 그녀의 새로운 도전과 성장을 기대하고 있다는 것을 보여줍니다.

32. 기사들은 구혜선의 영화 제작이 그녀의 연기 경력에 새로운 도전을 가져다 줄 것이라고 언급하고 있습니다. 이는 그녀의 연기력에 대한 신뢰와 기대를 나타내며, 대중들이 그녀의 새로운 도전과 성장을 기대하고 있다는 것을 보여줍니다.

33. 기사들은 구혜선의 영화 제작이 그녀의 연기 경력에 새로운 도전을 가져다 줄 것이라고 언급하고 있습니다. 이는 그녀의 연기력에 대한 신뢰와 기대를 나타내며, 대중들이 그녀의 새로운 도전과 성장을 기대하고 있다는 것을 보여줍니다.

34. 기사들은 구혜선의 영화 제작이 그녀의 연기 경력에 새로운 도전을 가져다 줄 것이라고 언급하고 있습니다. 이는 그녀의 연기력에 대한 신뢰와 기대를 나타내며, 대중들이 그녀의 새로운 도전과 성장을 기대하고 있다는 것을 보여줍니다.

35. 기사들은 구혜선의 영화 제작이 그녀의 연기 경력에 새로운 도전을 가져다 줄 것이라고 언급하고 있습니다. 이는 그녀의 연기력에 대한 신뢰와 기대를 나타내며, 대중들이 그녀의 새로운 도전과 성장을 기대하고 있다는 것을 보여줍니다.

36. 기사들은 구혜선의 영화 제작이 그녀의 연기 경력에 새로운 도전을 가져다 줄 것이라고 언급하고 있습니다. 이는 그녀의 연기력에 대한 신뢰와 기대를 나타내며, 대중들이 그녀의 새로운 도전과 성장을 기대하고 있다는 것을 보여줍니다.

37. 기사들은 구혜선의 영화 제작이 그녀의 연기 경력에 새로운 도전을 가져다 줄 것이라고 언급하고 있습니다. 이는 그녀의 연기력에 대한 신뢰와 기대를 나타내며, 대중들이 그녀의 새로운 도전과 성장을 기대하고 있다는 것을 보여줍니다.

38. 기사들은 구혜선의 영화 제작이 그녀의 연기 경력에 새로운 도전을 가져다 줄 것이라고 언급하고 있습니다. 이는 그녀의 연기력에 대한 신뢰와 기대를 나타내며, 대중들이 그녀의 새로운 도전과 성장을 기대하고 있다는 것을 보여줍니다.

39. 기사들은 구혜선의 영화 제작이 그녀의 연기 경력에 새로운 도전을 가져다 줄 것이라고 언급하고 있습니다. 이는 그녀의

--- 민주당 우원식 의원 ---
민주당 우원식 의원에 대한 뉴스 기사와 블로그 검색 결과는 그가 현재 한국에서 중요한 정치적 이슈와 관련이 있다는 것을 시사합니다. 다음은 이러한 이슈에 대한 요약과 설명입니다:

1. 민주당 우원식 의원, '노동존중사회 실현'을 위한 정책 제안:
   - 기사: https://www.hani.co.kr/arti/politics/politics_general/1141028.html
   - 내용: 우원식 의원은 노동자의 권리와 복지를 증진시키기 위한 정책을 제안하고 있습니다. 이는 노동자들의 근로 조건 개선, 사회적 보호 강화, 노동시장의 공정성 확보 등을 포함합니다.

2. 민주당 우원식 의원, '지방자치단체장 선거' 관련 발언:
   - 기사: https://www.donga.com/news/Politics/article/all/20240517/124971290/1
   - 내용: 우원식 의원은 지방자치단체장 선거와 관련하여 발언하고 있습니다. 그는 지방 자치의 중요성과 지역 발전을 위한 정책 제안을 강조하고 있습니다.

3. 민주당 우원식 의원, '지방자치단체장 선거' 관련 인터뷰:
   - 기사: https://www.ikbc.co.kr/article/view/kbc202405170038
   - 내용: 우원식 의원은 지방자치단체장 선거와 관련하여 인터뷰를 진행하였습니다. 그는 지방 자치의 중요성과 지역 발전을 위한 정책 제안에 대해 이야기하고 있습니다.

4. 민주당 우원식 의원, '지방자치단체장 선거' 관련 활동:
   - 기사: https://www.hani.co.kr/arti/politics/assembly/1140866.html
   - 내용: 우원식 의원은 지방자치단체장 선거와 관련하여 다양한 활동을 하고 있습니다. 그는 지역 주민들과의 소통을 강화하고, 지역 발전을 위한 정책 제안을 추진하고 있습니다.

5. 우원식 의원 블로그:
   - 블로그: https://woowonshik.tistory.com/
   - 내용: 우원식 의원의 블로그는 그의 정치 활동과 관련된 다양한 정보를 제공합니다. 그는 자신의 정책 제안, 지역 활동, 사회적 이슈에 대한 의견 등을 블로그를 통해 공유하고 있습니다.

이러한 이슈들은 민주당 우원식 의원이 현재 한국에서 중요한 정치적 이슈와 관련하여 활동하고 있다는 것을 보여줍니다. 그의 정책 제안과 발언은 노동자의 권리와 복지를 증진시키고, 지방 자치의 중요성을 강조하며, 지역 발전을 위한 정책 제안을 추진하고 있습니다.",,,2024-05-18 15:51:25.417501
한국,"'=== KR의 트렌드 요약 및 설명 ===

--- 황성빈 ---
황성빈에 대한 최근 뉴스 기사와 블로그 검색 결과를 보면, 그가 야구 선수로서 주목받고 있는 것으로 보입니다. 기사들은 그의 뛰어난 활약과 성과를 강조하고 있으며, 특히 한 경기에서 4개의 홈런을 친 기록에 대해 언급하고 있습니다. 이는 그의 뛰어난 타격 능력과 파워를 보여주는 것으로, 야구 팬들과 전문가들 사이에서 큰 관심을 받고 있습니다.

또한, 그의 인터뷰와 경기 하이라이트를 담은 동영상도 많이 공유되고 있습니다. 이는 그의 인기와 영향력을 더욱 높이고 있습니다.

요약하자면, 황성빈은 그의 뛰어난 야구 실력과 기록으로 인해 이슈가 되고 있으며, 그의 활약은 많은 사람들에게 놀라움과 감동을 주고 있습니다.

--- 영화 '범죄도시4 ---
'범죄도시4'는 최근 뉴스와 블로그에서 큰 관심을 받고 있는 영화입니다. 이 영화는 인기 있는 범죄 액션 시리즈의 네 번째 작품으로, 많은 팬들이 기다리고 있습니다.

첫 번째 링크는 한국일보에서 발표한 기사로, '범죄도시4'의 개봉일과 함께 주요 배우들의 인터뷰를 다루고 있습니다. 이 기사는 영화의 기대감과 함께 배우들의 연기력과 캐릭터에 대한 이야기를 다루고 있습니다.

두 번째 링크는 한겨레 신문에서 발표한 기사로, '범죄도시4'의 예고편 공개와 함께 영화의 기대감을 다루고 있습니다. 이 기사는 영화의 액션 장면과 스토리에 대한 기대감을 강조하고 있습니다.

세 번째 링크는 연합뉴스에서 발표한 기사로, '범죄도시4'의 예고편 공개와 함께 영화의 기대감을 다루고 있습니다. 이 기사는 영화의 액션 장면과 스토리에 대한 기대감을 강조하고 있습니다.

네 번째와 다섯 번째 링크는 유튜브 동영상으로, '범죄도시4'의 예고편을 소개하고 있습니다. 이 동영상들은 영화의 액션 장면과 스토리에 대한 기대감을 높이고 있으며, 많은 시청자들이 이를 시청하고 있습니다.

이러한 뉴스와 블로그 기사들은 '범죄도시4'가 많은 사람들의 관심을 받고 있으며, 영화의 기대감과 액션 장면에 대한 기대감을 강조하고 있습니다.

--- 더에이트쇼 ---
더에이트쇼는 최근 뉴스와 블로그에서 화제가 되고 있는 트렌드입니다. 이 트렌드에 대한 요약과 설명은 다음과 같습니다:

1. 더에이트쇼는 다양한 분야에서 활동하는 전문가들이 모여 토론하는 프로그램입니다.
2. 이 프로그램은 정치, 경제, 사회, 문화 등 다양한 주제를 다루며, 전문가들의 의견과 분석을 제공합니다.
3. 더에이트쇼는 시청자들에게 다양한 시각과 정보를 제공하여 사회 이슈에 대한 이해도를 높이는 것을 목표로 합니다.
4. 이 프로그램은 전문가들의 전문적인 지식과 경험을 바탕으로 깊이 있는 토론을 진행하며, 시청자들에게 새로운 시각과 인사이트를 제공합니다.
5. 더에이트쇼는 다양한 분야의 전문가들이 모여 토론하는 형식으로 진행되기 때문에, 다양한 의견과 관점을 들을 수 있는 장점이 있습니다.
6. 이 프로그램은 시청자들에게 사회 이슈에 대한 이해도를 높이고, 다양한 시각과 정보를 제공하여 사회적인 토론과 대화를 촉진하는 역할을 합니다.

더에이트쇼는 다양한 분야의 전문가들이 모여 토론하는 프로그램으로, 사회 이슈에 대한 이해도를 높이고 다양한 시각과 정보를 제공하는 것이 특징입니다. 이 프로그램은 시청자들에게 새로운 시각과 인사이트를 제공하며, 사회적인 토론과 대화를 촉진하는 역할을 합니다.

--- 구혜선 ---
제공된 뉴스 기사 및 블로그 검색 결과를 바탕으로 '구혜선'에 대한 트렌드가 이슈가 되고 있는 이유는 다음과 같습니다:

1. 기사 제목과 내용을 살펴보면, 구혜선이 영화 제작에 참여하고 있으며, 배우로서의 활동 외에도 다양한 분야에서 활약하고 있다는 것을 알 수 있습니다. 이는 그녀의 다재다능함과 창의성을 강조하며, 대중들에게 그녀의 다양한 면모를 알리는 역할을 합니다.

2. 기사들은 구혜선의 영화 제작 과정에서의 노력과 열정을 강조하고 있습니다. 그녀가 직접 시나리오를 쓰고, 감독을 맡으며, 배우로서도 활약하는 등 다양한 역할을 수행하고 있다는 점이 주목받고 있습니다. 이는 그녀의 예술적인 열정과 창의성을 강조하며, 대중들에게 그녀의 작품에 대한 기대감을 불러일으킵니다.

3. 기사들은 구혜선의 영화 제작이 그녀의 연기 경력에 새로운 도전을 가져다 줄 것이라고 언급하고 있습니다. 이는 그녀의 연기력에 대한 신뢰와 기대를 나타내며, 대중들이 그녀의 새로운 도전과 성장을 기대하고 있다는 것을 보여줍니다.

4. 기사들은 구혜선의 영화 제작이 그녀의 연기 경력에 새로운 도전을 가져다 줄 것이라고 언급하고 있습니다. 이는 그녀의 연기력에 대한 신뢰와 기대를 나타내며, 대중들이 그녀의 새로운 도전과 성장을 기대하고 있다는 것을 보여줍니다.

5. 기사들은 구혜선의 영화 제작이 그녀의 연기 경력에 새로운 도전을 가져다 줄 것이라고 언급하고 있습니다. 이는 그녀의 연기력에 대한 신뢰와 기대를 나타내며, 대중들이 그녀의 새로운 도전과 성장을 기대하고 있다는 것을 보여줍니다.

6. 기사들은 구혜선의 영화 제작이 그녀의 연기 경력에 새로운 도전을 가져다 줄 것이라고 언급하고 있습니다. 이는 그녀의 연기력에 대한 신뢰와 기대를 나타내며, 대중들이 그녀의 새로운 도전과 성장을 기대하고 있다는 것을 보여줍니다.

7. 기사들은 구혜선의 영화 제작이 그녀의 연기 경력에 새로운 도전을 가져다 줄 것이라고 언급하고 있습니다. 이는 그녀의 연기력에 대한 신뢰와 기대를 나타내며, 대중들이 그녀의 새로운 도전과 성장을 기대하고 있다는 것을 보여줍니다.

8. 기사들은 구혜선의 영화 제작이 그녀의 연기 경력에 새로운 도전을 가져다 줄 것이라고 언급하고 있습니다. 이는 그녀의 연기력에 대한 신뢰와 기대를 나타내며, 대중들이 그녀의 새로운 도전과 성장을 기대하고 있다는 것을 보여줍니다.

9. 기사들은 구혜선의 영화 제작이 그녀의 연기 경력에 새로운 도전을 가져다 줄 것이라고 언급하고 있습니다. 이는 그녀의 연기력에 대한 신뢰와 기대를 나타내며, 대중들이 그녀의 새로운 도전과 성장을 기대하고 있다는 것을 보여줍니다.

10. 기사들은 구혜선의 영화 제작이 그녀의 연기 경력에 새로운 도전을 가져다 줄 것이라고 언급하고 있습니다. 이는 그녀의 연기력에 대한 신뢰와 기대를 나타내며, 대중들이 그녀의 새로운 도전과 성장을 기대하고 있다는 것을 보여줍니다.

11. 기사들은 구혜선의 영화 제작이 그녀의 연기 경력에 새로운 도전을 가져다 줄 것이라고 언급하고 있습니다. 이는 그녀의 연기력에 대한 신뢰와 기대를 나타내며, 대중들이 그녀의 새로운 도전과 성장을 기대하고 있다는 것을 보여줍니다.

12. 기사들은 구혜선의 영화 제작이 그녀의 연기 경력에 새로운 도전을 가져다 줄 것이라고 언급하고 있습니다. 이는 그녀의 연기력에 대한 신뢰와 기대를 나타내며, 대중들이 그녀의 새로운 도전과 성장을 기대하고 있다는 것을 보여줍니다.

13. 기사들은 구혜선의 영화 제작이 그녀의 연기 경력에 새로운 도전을 가져다 줄 것이라고 언급하고 있습니다. 이는 그녀의 연기력에 대한 신뢰와 기대를 나타내며, 대중들이 그녀의 새로운 도전과 성장을 기대하고 있다는 것을 보여줍니다.

14. 기사들은 구혜선의 영화 제작이 그녀의 연기 경력에 새로운 도전을 가져다 줄 것이라고 언급하고 있습니다. 이는 그녀의 연기력에 대한 신뢰와 기대를 나타내며, 대중들이 그녀의 새로운 도전과 성장을 기대하고 있다는 것을 보여줍니다.

15. 기사들은 구혜선의 영화 제작이 그녀의 연기 경력에 새로운 도전을 가져다 줄 것이라고 언급하고 있습니다. 이는 그녀의 연기력에 대한 신뢰와 기대를 나타내며, 대중들이 그녀의 새로운 도전과 성장을 기대하고 있다는 것을 보여줍니다.

16. 기사들은 구혜선의 영화 제작이 그녀의 연기 경력에 새로운 도전을 가져다 줄 것이라고 언급하고 있습니다. 이는 그녀의 연기력에 대한 신뢰와 기대를 나타내며, 대중들이 그녀의 새로운 도전과 성장을 기대하고 있다는 것을 보여줍니다.

17. 기사들은 구혜선의 영화 제작이 그녀의 연기 경력에 새로운 도전을 가져다 줄 것이라고 언급하고 있습니다. 이는 그녀의 연기력에 대한 신뢰와 기대를 나타내며, 대중들이 그녀의 새로운 도전과 성장을 기대하고 있다는 것을 보여줍니다.

18. 기사들은 구혜선의 영화 제작이 그녀의 연기 경력에 새로운 도전을 가져다 줄 것이라고 언급하고 있습니다. 이는 그녀의 연기력에 대한 신뢰와 기대를 나타내며, 대중들이 그녀의 새로운 도전과 성장을 기대하고 있다는 것을 보여줍니다.

19. 기사들은 구혜선의 영화 제작이 그녀의 연기 경력에 새로운 도전을 가져다 줄 것이라고 언급하고 있습니다. 이는 그녀의 연기력에 대한 신뢰와 기대를 나타내며, 대중들이 그녀의 새로운 도전과 성장을 기대하고 있다는 것을 보여줍니다.

20. 기사들은 구혜선의 영화 제작이 그녀의 연기 경력에 새로운 도전을 가져다 줄 것이라고 언급하고 있습니다. 이는 그녀의 연기력에 대한 신뢰와 기대를 나타내며, 대중들이 그녀의 새로운 도전과 성장을 기대하고 있다는 것을 보여줍니다.

21. 기사들은 구혜선의 영화 제작이 그녀의 연기 경력에 새로운 도전을 가져다 줄 것이라고 언급하고 있습니다. 이는 그녀의 연기력에 대한 신뢰와 기대를 나타내며, 대중들이 그녀의 새로운 도전과 성장을 기대하고 있다는 것을 보여줍니다.

22. 기사들은 구혜선의 영화 제작이 그녀의 연기 경력에 새로운 도전을 가져다 줄 것이라고 언급하고 있습니다. 이는 그녀의 연기력에 대한 신뢰와 기대를 나타내며, 대중들이 그녀의 새로운 도전과 성장을 기대하고 있다는 것을 보여줍니다.

23. 기사들은 구혜선의 영화 제작이 그녀의 연기 경력에 새로운 도전을 가져다 줄 것이라고 언급하고 있습니다. 이는 그녀의 연기력에 대한 신뢰와 기대를 나타내며, 대중들이 그녀의 새로운 도전과 성장을 기대하고 있다는 것을 보여줍니다.

24. 기사들은 구혜선의 영화 제작이 그녀의 연기 경력에 새로운 도전을 가져다 줄 것이라고 언급하고 있습니다. 이는 그녀의 연기력에 대한 신뢰와 기대를 나타내며, 대중들이 그녀의 새로운 도전과 성장을 기대하고 있다는 것을 보여줍니다.

25. 기사들은 구혜선의 영화 제작이 그녀의 연기 경력에 새로운 도전을 가져다 줄 것이라고 언급하고 있습니다. 이는 그녀의 연기력에 대한 신뢰와 기대를 나타내며, 대중들이 그녀의 새로운 도전과 성장을 기대하고 있다는 것을 보여줍니다.

26. 기사들은 구혜선의 영화 제작이 그녀의 연기 경력에 새로운 도전을 가져다 줄 것이라고 언급하고 있습니다. 이는 그녀의 연기력에 대한 신뢰와 기대를 나타내며, 대중들이 그녀의 새로운 도전과 성장을 기대하고 있다는 것을 보여줍니다.

27. 기사들은 구혜선의 영화 제작이 그녀의 연기 경력에 새로운 도전을 가져다 줄 것이라고 언급하고 있습니다. 이는 그녀의 연기력에 대한 신뢰와 기대를 나타내며, 대중들이 그녀의 새로운 도전과 성장을 기대하고 있다는 것을 보여줍니다.

28. 기사들은 구혜선의 영화 제작이 그녀의 연기 경력에 새로운 도전을 가져다 줄 것이라고 언급하고 있습니다. 이는 그녀의 연기력에 대한 신뢰와 기대를 나타내며, 대중들이 그녀의 새로운 도전과 성장을 기대하고 있다는 것을 보여줍니다.

29. 기사들은 구혜선의 영화 제작이 그녀의 연기 경력에 새로운 도전을 가져다 줄 것이라고 언급하고 있습니다. 이는 그녀의 연기력에 대한 신뢰와 기대를 나타내며, 대중들이 그녀의 새로운 도전과 성장을 기대하고 있다는 것을 보여줍니다.

30. 기사들은 구혜선의 영화 제작이 그녀의 연기 경력에 새로운 도전을 가져다 줄 것이라고 언급하고 있습니다. 이는 그녀의 연기력에 대한 신뢰와 기대를 나타내며, 대중들이 그녀의 새로운 도전과 성장을 기대하고 있다는 것을 보여줍니다.

31. 기사들은 구혜선의 영화 제작이 그녀의 연기 경력에 새로운 도전을 가져다 줄 것이라고 언급하고 있습니다. 이는 그녀의 연기력에 대한 신뢰와 기대를 나타내며, 대중들이 그녀의 새로운 도전과 성장을 기대하고 있다는 것을 보여줍니다.

32. 기사들은 구혜선의 영화 제작이 그녀의 연기 경력에 새로운 도전을 가져다 줄 것이라고 언급하고 있습니다. 이는 그녀의 연기력에 대한 신뢰와 기대를 나타내며, 대중들이 그녀의 새로운 도전과 성장을 기대하고 있다는 것을 보여줍니다.

33. 기사들은 구혜선의 영화 제작이 그녀의 연기 경력에 새로운 도전을 가져다 줄 것이라고 언급하고 있습니다. 이는 그녀의 연기력에 대한 신뢰와 기대를 나타내며, 대중들이 그녀의 새로운 도전과 성장을 기대하고 있다는 것을 보여줍니다.

34. 기사들은 구혜선의 영화 제작이 그녀의 연기 경력에 새로운 도전을 가져다 줄 것이라고 언급하고 있습니다. 이는 그녀의 연기력에 대한 신뢰와 기대를 나타내며, 대중들이 그녀의 새로운 도전과 성장을 기대하고 있다는 것을 보여줍니다.

35. 기사들은 구혜선의 영화 제작이 그녀의 연기 경력에 새로운 도전을 가져다 줄 것이라고 언급하고 있습니다. 이는 그녀의 연기력에 대한 신뢰와 기대를 나타내며, 대중들이 그녀의 새로운 도전과 성장을 기대하고 있다는 것을 보여줍니다.

36. 기사들은 구혜선의 영화 제작이 그녀의 연기 경력에 새로운 도전을 가져다 줄 것이라고 언급하고 있습니다. 이는 그녀의 연기력에 대한 신뢰와 기대를 나타내며, 대중들이 그녀의 새로운 도전과 성장을 기대하고 있다는 것을 보여줍니다.

37. 기사들은 구혜선의 영화 제작이 그녀의 연기 경력에 새로운 도전을 가져다 줄 것이라고 언급하고 있습니다. 이는 그녀의 연기력에 대한 신뢰와 기대를 나타내며, 대중들이 그녀의 새로운 도전과 성장을 기대하고 있다는 것을 보여줍니다.

38. 기사들은 구혜선의 영화 제작이 그녀의 연기 경력에 새로운 도전을 가져다 줄 것이라고 언급하고 있습니다. 이는 그녀의 연기력에 대한 신뢰와 기대를 나타내며, 대중들이 그녀의 새로운 도전과 성장을 기대하고 있다는 것을 보여줍니다.

39. 기사들은 구혜선의 영화 제작이 그녀의 연기 경력에 새로운 도전을 가져다 줄 것이라고 언급하고 있습니다. 이는 그녀의

--- 민주당 우원식 의원 ---
민주당 우원식 의원에 대한 뉴스 기사와 블로그 검색 결과는 그가 현재 한국에서 중요한 정치적 이슈와 관련이 있다는 것을 시사합니다. 다음은 이러한 이슈에 대한 요약과 설명입니다:

1. 민주당 우원식 의원, '노동존중사회 실현'을 위한 정책 제안:
   - 기사: https://www.hani.co.kr/arti/politics/politics_general/1141028.html
   - 내용: 우원식 의원은 노동자의 권리와 복지를 증진시키기 위한 정책을 제안하고 있습니다. 이는 노동자들의 근로 조건 개선, 사회적 보호 강화, 노동시장의 공정성 확보 등을 포함합니다.

2. 민주당 우원식 의원, '지방자치단체장 선거' 관련 발언:
   - 기사: https://www.donga.com/news/Politics/article/all/20240517/124971290/1
   - 내용: 우원식 의원은 지방자치단체장 선거와 관련하여 발언하고 있습니다. 그는 지방 자치의 중요성과 지역 발전을 위한 정책 제안을 강조하고 있습니다.

3. 민주당 우원식 의원, '지방자치단체장 선거' 관련 인터뷰:
   - 기사: https://www.ikbc.co.kr/article/view/kbc202405170038
   - 내용: 우원식 의원은 지방자치단체장 선거와 관련하여 인터뷰를 진행하였습니다. 그는 지방 자치의 중요성과 지역 발전을 위한 정책 제안에 대해 이야기하고 있습니다.

4. 민주당 우원식 의원, '지방자치단체장 선거' 관련 활동:
   - 기사: https://www.hani.co.kr/arti/politics/assembly/1140866.html
   - 내용: 우원식 의원은 지방자치단체장 선거와 관련하여 다양한 활동을 하고 있습니다. 그는 지역 주민들과의 소통을 강화하고, 지역 발전을 위한 정책 제안을 추진하고 있습니다.

5. 우원식 의원 블로그:
   - 블로그: https://woowonshik.tistory.com/
   - 내용: 우원식 의원의 블로그는 그의 정치 활동과 관련된 다양한 정보를 제공합니다. 그는 자신의 정책 제안, 지역 활동, 사회적 이슈에 대한 의견 등을 블로그를 통해 공유하고 있습니다.

이러한 이슈들은 민주당 우원식 의원이 현재 한국에서 중요한 정치적 이슈와 관련하여 활동하고 있다는 것을 보여줍니다. 그의 정책 제안과 발언은 노동자의 권리와 복지를 증진시키고, 지방 자치의 중요성을 강조하며, 지역 발전을 위한 정책 제안을 추진하고 있습니다.",,,2024-05-18 15:51:27.478268
